run_count,model,vector_dimension,total_vectors,ef_construction,M,index_time,memory_used,num_queries_percent,K,query_time,recall_at_k
1,hnsw_lib,100,10000,50,8,0.24628543853759766,4.5,10,10,0.004180908203125,0.4243
2,hnsw_lib,100,10000,50,8,0.2849903106689453,0.0,10,10,0.0043430328369140625,0.4321
3,hnsw_lib,100,10000,50,8,0.28290677070617676,0.0,10,10,0.004924774169921875,0.4338
1,hnsw_lib,100,10000,50,12,0.39278197288513184,0.0,10,10,0.005223989486694336,0.601
2,hnsw_lib,100,10000,50,12,0.4186277389526367,0.0,10,10,0.005506038665771484,0.5949
3,hnsw_lib,100,10000,50,12,0.4506213665008545,0.0,10,10,0.006249666213989258,0.5889
1,hnsw_lib,100,10000,50,16,0.4777512550354004,0.0,10,10,0.007133007049560547,0.7027
2,hnsw_lib,100,10000,50,16,0.4708108901977539,0.0,10,10,0.006913900375366211,0.7032
3,hnsw_lib,100,10000,50,16,0.5102207660675049,0.0,10,10,0.007252693176269531,0.7044
1,hnsw_lib,100,10000,50,32,0.506817102432251,0.0,10,10,0.008189678192138672,0.8536
2,hnsw_lib,100,10000,50,32,0.5028853416442871,0.0,10,10,0.010250329971313477,0.854
3,hnsw_lib,100,10000,50,32,0.498852014541626,0.0,10,10,0.009109258651733398,0.8537
1,hnsw_lib,100,10000,100,8,0.4215104579925537,0.0,10,10,0.005089759826660156,0.4874
2,hnsw_lib,100,10000,100,8,0.4251244068145752,0.0,10,10,0.005066871643066406,0.4705
3,hnsw_lib,100,10000,100,8,0.41445207595825195,0.0,10,10,0.005070924758911133,0.4771
1,hnsw_lib,100,10000,100,12,0.5355868339538574,0.0,10,10,0.006292581558227539,0.6675
2,hnsw_lib,100,10000,100,12,0.5002529621124268,0.0,10,10,0.0071353912353515625,0.6628
3,hnsw_lib,100,10000,100,12,0.5559220314025879,0.0,10,10,0.006417274475097656,0.6624
1,hnsw_lib,100,10000,100,16,0.6783039569854736,0.0,10,10,0.006981849670410156,0.7699
2,hnsw_lib,100,10000,100,16,0.6763358116149902,0.0,10,10,0.006892681121826172,0.7654
3,hnsw_lib,100,10000,100,16,0.6219766139984131,0.0,10,10,0.006994724273681641,0.766
1,hnsw_lib,100,10000,100,32,0.7816140651702881,0.0,10,10,0.009353876113891602,0.9197
2,hnsw_lib,100,10000,100,32,0.7919497489929199,0.0,10,10,0.009286880493164062,0.92
3,hnsw_lib,100,10000,100,32,0.7766087055206299,0.0,10,10,0.009839534759521484,0.9188
1,hnsw_lib,100,10000,150,8,0.5625660419464111,0.0,10,10,0.0040853023529052734,0.4985
2,hnsw_lib,100,10000,150,8,0.5330569744110107,0.0,10,10,0.004118442535400391,0.4886
3,hnsw_lib,100,10000,150,8,0.5447962284088135,0.0,10,10,0.0043163299560546875,0.4995
1,hnsw_lib,100,10000,150,12,0.6899738311767578,0.0,10,10,0.005394935607910156,0.6851
2,hnsw_lib,100,10000,150,12,0.6792643070220947,0.0,10,10,0.005440711975097656,0.6856
3,hnsw_lib,100,10000,150,12,0.6440203189849854,0.0,10,10,0.005403041839599609,0.6848
1,hnsw_lib,100,10000,150,16,0.8414790630340576,0.0,10,10,0.007045269012451172,0.7858
2,hnsw_lib,100,10000,150,16,0.830955982208252,0.0,10,10,0.008130550384521484,0.785
3,hnsw_lib,100,10000,150,16,0.8370633125305176,0.0,10,10,0.007143735885620117,0.7862
1,hnsw_lib,100,10000,150,32,0.9329590797424316,0.0,10,10,0.00932002067565918,0.9309
2,hnsw_lib,100,10000,150,32,0.9763422012329102,0.0,10,10,0.009306907653808594,0.9311
3,hnsw_lib,100,10000,150,32,0.929030179977417,0.0,10,10,0.00943303108215332,0.9316
1,hnsw_lib,100,10000,300,8,0.8081421852111816,0.0,10,10,0.004889488220214844,0.5096
2,hnsw_lib,100,10000,300,8,0.8553893566131592,0.0,10,10,0.005821943283081055,0.5193
3,hnsw_lib,100,10000,300,8,0.8517160415649414,0.0,10,10,0.004949331283569336,0.5104
1,hnsw_lib,100,10000,300,12,1.0239903926849365,0.0,10,10,0.00645899772644043,0.7095
2,hnsw_lib,100,10000,300,12,1.0294513702392578,0.0,10,10,0.006244182586669922,0.7126
3,hnsw_lib,100,10000,300,12,0.979769229888916,0.0,10,10,0.0070726871490478516,0.7061
1,hnsw_lib,100,10000,300,16,1.2652506828308105,0.0,10,10,0.008339881896972656,0.7997
2,hnsw_lib,100,10000,300,16,1.1703169345855713,0.0,10,10,0.007628202438354492,0.8009
3,hnsw_lib,100,10000,300,16,1.1863212585449219,0.0,10,10,0.0071909427642822266,0.8016
1,hnsw_lib,100,10000,300,32,1.3983595371246338,0.0,10,10,0.009414434432983398,0.9333
2,hnsw_lib,100,10000,300,32,1.4041533470153809,0.0,10,10,0.009399175643920898,0.9332
3,hnsw_lib,100,10000,300,32,1.4742302894592285,0.0,10,10,0.010135650634765625,0.934
1,hnsw_lib,100,50000,50,8,1.6101491451263428,23.625,10,10,0.028589248657226562,0.1691
2,hnsw_lib,100,50000,50,8,1.6363110542297363,0.5625,10,10,0.028452396392822266,0.17274
3,hnsw_lib,100,50000,50,8,1.7162635326385498,0.5625,10,10,0.023742198944091797,0.17036
1,hnsw_lib,100,50000,50,12,2.561732292175293,0.0,10,10,0.03268241882324219,0.2893
2,hnsw_lib,100,50000,50,12,2.490623712539673,0.0,10,10,0.03816485404968262,0.28732
3,hnsw_lib,100,50000,50,12,2.4746978282928467,0.0,10,10,0.03894329071044922,0.2927
1,hnsw_lib,100,50000,50,16,3.445319652557373,0.0,10,10,0.04729461669921875,0.38794
2,hnsw_lib,100,50000,50,16,3.370577335357666,0.0,10,10,0.047692060470581055,0.39122
3,hnsw_lib,100,50000,50,16,3.418558120727539,0.0,10,10,0.047696828842163086,0.39266
1,hnsw_lib,100,50000,50,32,5.017172336578369,0.0,10,10,0.07248282432556152,0.6119
2,hnsw_lib,100,50000,50,32,5.068295240402222,0.0,10,10,0.07289552688598633,0.61272
3,hnsw_lib,100,50000,50,32,5.109095335006714,0.0,10,10,0.07881617546081543,0.61206
1,hnsw_lib,100,50000,100,8,2.5176198482513428,0.0,10,10,0.024183034896850586,0.21814
2,hnsw_lib,100,50000,100,8,2.2696032524108887,0.0,10,10,0.028533220291137695,0.21278
3,hnsw_lib,100,50000,100,8,2.3512282371520996,0.0,10,10,0.030261993408203125,0.21366
1,hnsw_lib,100,50000,100,12,3.606363534927368,0.0,10,10,0.03894519805908203,0.36398
2,hnsw_lib,100,50000,100,12,3.6076879501342773,0.5625,10,10,0.0324857234954834,0.3602
3,hnsw_lib,100,50000,100,12,4.773691415786743,0.0,10,10,0.03264164924621582,0.36434
1,hnsw_lib,100,50000,100,16,4.975452184677124,0.0,10,10,0.048229217529296875,0.48556
2,hnsw_lib,100,50000,100,16,4.895480155944824,0.0,10,10,0.0484614372253418,0.49028
3,hnsw_lib,100,50000,100,16,4.788719892501831,0.0,10,10,0.04164934158325195,0.48622
1,hnsw_lib,100,50000,100,32,8.65812635421753,0.0,10,10,0.07735371589660645,0.76318
2,hnsw_lib,100,50000,100,32,8.71898365020752,0.0,10,10,0.07892322540283203,0.76222
3,hnsw_lib,100,50000,100,32,8.77170205116272,0.0,10,10,0.08108186721801758,0.76162
1,hnsw_lib,100,50000,150,8,3.3055946826934814,0.0,10,10,0.030067920684814453,0.2375
2,hnsw_lib,100,50000,150,8,3.199230432510376,0.0,10,10,0.027872562408447266,0.24014
3,hnsw_lib,100,50000,150,8,3.347792625427246,0.0,10,10,0.02894902229309082,0.23944
1,hnsw_lib,100,50000,150,12,4.577389478683472,0.0,10,10,0.04599618911743164,0.40314
2,hnsw_lib,100,50000,150,12,4.650820732116699,0.0,10,10,0.0331573486328125,0.40142
3,hnsw_lib,100,50000,150,12,4.5784242153167725,0.0,10,10,0.04092526435852051,0.40354
1,hnsw_lib,100,50000,150,16,6.089141607284546,0.0,10,10,0.04982900619506836,0.53712
2,hnsw_lib,100,50000,150,16,5.988490104675293,0.0,10,10,0.04882645606994629,0.53424
3,hnsw_lib,100,50000,150,16,6.174029111862183,0.0,10,10,0.048769235610961914,0.53312
1,hnsw_lib,100,50000,150,32,10.757360935211182,0.0,10,10,0.08003616333007812,0.812
2,hnsw_lib,100,50000,150,32,10.907193422317505,0.0,10,10,0.07942819595336914,0.80756
3,hnsw_lib,100,50000,150,32,10.737337827682495,0.0,10,10,0.08260273933410645,0.8111
1,hnsw_lib,100,50000,300,8,5.589962482452393,0.0,10,10,0.031252384185791016,0.27032
2,hnsw_lib,100,50000,300,8,5.536535024642944,0.0,10,10,0.03368735313415527,0.26932
3,hnsw_lib,100,50000,300,8,5.587476968765259,0.0,10,10,0.028586149215698242,0.26956
1,hnsw_lib,100,50000,300,12,7.13719367980957,0.0,10,10,0.040886640548706055,0.45428
2,hnsw_lib,100,50000,300,12,7.275972127914429,0.0,10,10,0.04138946533203125,0.45384
3,hnsw_lib,100,50000,300,12,7.304353952407837,0.0,10,10,0.03979754447937012,0.45446
1,hnsw_lib,100,50000,300,16,8.914405584335327,0.0,10,10,0.052220821380615234,0.59294
2,hnsw_lib,100,50000,300,16,8.948184251785278,0.0,10,10,0.04869890213012695,0.58756
3,hnsw_lib,100,50000,300,16,8.733967065811157,0.0,10,10,0.05351519584655762,0.58754
1,hnsw_lib,100,50000,300,32,15.399253606796265,0.0,10,10,0.08264899253845215,0.84882
2,hnsw_lib,100,50000,300,32,15.325464010238647,0.0,10,10,0.07971572875976562,0.84886
3,hnsw_lib,100,50000,300,32,15.483956098556519,0.0,10,10,0.08223915100097656,0.84866
1,hnsw_lib,100,100000,50,8,3.1698946952819824,45.5625,10,10,0.06590032577514648,0.1044
2,hnsw_lib,100,100000,50,8,3.5835518836975098,45.5625,10,10,0.07139873504638672,0.10675
3,hnsw_lib,100,100000,50,8,3.4300174713134766,45.5625,10,10,0.07420897483825684,0.10451
1,hnsw_lib,100,100000,50,12,5.196335792541504,48.375,10,10,0.0899360179901123,0.19592
2,hnsw_lib,100,100000,50,12,5.467190504074097,50.0625,10,10,0.0928497314453125,0.19559
3,hnsw_lib,100,100000,50,12,5.599788427352905,48.9375,10,10,0.0982363224029541,0.19349
1,hnsw_lib,100,100000,50,16,7.867490530014038,51.1875,10,10,0.12307572364807129,0.27521
2,hnsw_lib,100,100000,50,16,7.854445457458496,51.1875,10,10,0.10572004318237305,0.27476
3,hnsw_lib,100,100000,50,16,7.811493873596191,50.0625,10,10,0.11664152145385742,0.27555
1,hnsw_lib,100,100000,50,32,13.318212032318115,63.0,10,10,0.19707632064819336,0.48162
2,hnsw_lib,100,100000,50,32,13.455610036849976,63.0,10,10,0.20324921607971191,0.48199
3,hnsw_lib,100,100000,50,32,13.054155111312866,64.125,10,10,0.19524288177490234,0.4838
1,hnsw_lib,100,100000,100,8,5.397003173828125,45.5625,10,10,0.06801795959472656,0.14219
2,hnsw_lib,100,100000,100,8,5.262778282165527,45.0,10,10,0.0679466724395752,0.14213
3,hnsw_lib,100,100000,100,8,5.692615985870361,45.0,10,10,0.06620025634765625,0.14226
1,hnsw_lib,100,100000,100,12,8.214479446411133,47.8125,10,10,0.08218669891357422,0.25442
2,hnsw_lib,100,100000,100,12,8.187598466873169,48.375,10,10,0.10211038589477539,0.25662
3,hnsw_lib,100,100000,100,12,8.162828207015991,48.9375,10,10,0.10001683235168457,0.25745
1,hnsw_lib,100,100000,100,16,11.64390778541565,51.75,10,10,0.12522315979003906,0.36105
2,hnsw_lib,100,100000,100,16,11.393621921539307,51.75,10,10,0.11998748779296875,0.36217
3,hnsw_lib,100,100000,100,16,11.493360042572021,51.75,10,10,0.12610507011413574,0.36222
1,hnsw_lib,100,100000,100,32,23.801342487335205,63.5625,10,10,0.19868993759155273,0.64612
2,hnsw_lib,100,100000,100,32,23.91010093688965,63.5625,10,10,0.21386265754699707,0.64318
3,hnsw_lib,100,100000,100,32,23.674439191818237,63.0,10,10,0.20148277282714844,0.64695
1,hnsw_lib,100,100000,150,8,6.997192859649658,45.5625,10,10,0.06461906433105469,0.16154
2,hnsw_lib,100,100000,150,8,6.875679969787598,45.5625,10,10,0.06359028816223145,0.15714
3,hnsw_lib,100,100000,150,8,6.922560691833496,44.4375,10,10,0.06387519836425781,0.15927
1,hnsw_lib,100,100000,150,12,10.707909345626831,47.8125,10,10,0.11541175842285156,0.29154
2,hnsw_lib,100,100000,150,12,10.56189250946045,48.375,10,10,0.09596967697143555,0.28866
3,hnsw_lib,100,100000,150,12,10.5453040599823,48.9375,10,10,0.09355831146240234,0.28809
1,hnsw_lib,100,100000,150,16,14.339923620223999,51.75,10,10,0.13631820678710938,0.40825
2,hnsw_lib,100,100000,150,16,14.51047658920288,51.1875,10,10,0.1275641918182373,0.40551
3,hnsw_lib,100,100000,150,16,14.366214275360107,51.75,10,10,0.12165570259094238,0.40671
1,hnsw_lib,100,100000,150,32,30.38210654258728,63.5625,10,10,0.23222732543945312,0.70763
2,hnsw_lib,100,100000,150,32,30.456599235534668,64.125,10,10,0.21976470947265625,0.70778
3,hnsw_lib,100,100000,150,32,29.93326735496521,63.0,10,10,0.22339224815368652,0.70767
1,hnsw_lib,100,100000,300,8,12.512706518173218,44.4375,10,10,0.06917309761047363,0.18722
2,hnsw_lib,100,100000,300,8,12.523685932159424,45.0,10,10,0.0787503719329834,0.19147
3,hnsw_lib,100,100000,300,8,12.484221458435059,45.5625,10,10,0.06508135795593262,0.19001
1,hnsw_lib,100,100000,300,12,17.16257405281067,47.8125,10,10,0.09783291816711426,0.33628
2,hnsw_lib,100,100000,300,12,17.073890924453735,47.8125,10,10,0.08568120002746582,0.33901
3,hnsw_lib,100,100000,300,12,16.879668712615967,48.9375,10,10,0.10369062423706055,0.33647
1,hnsw_lib,100,100000,300,16,21.985281229019165,50.625,10,10,0.12667012214660645,0.468
2,hnsw_lib,100,100000,300,16,21.969289779663086,51.1875,10,10,0.12413287162780762,0.46698
3,hnsw_lib,100,100000,300,16,22.41691517829895,51.75,10,10,0.12413692474365234,0.47072
1,hnsw_lib,100,100000,300,32,43.85773730278015,63.0,10,10,0.20953106880187988,0.77037
2,hnsw_lib,100,100000,300,32,43.71413230895996,63.5625,10,10,0.20857000350952148,0.77027
3,hnsw_lib,100,100000,300,32,44.02507424354553,64.125,10,10,0.20815634727478027,0.77225
1,hnsw_lib,100,500000,50,8,23.37440824508667,245.8125,10,10,0.41892266273498535,0.031896
2,hnsw_lib,100,500000,50,8,23.324602127075195,235.6875,10,10,0.40928173065185547,0.03253
3,hnsw_lib,100,500000,50,8,23.662220001220703,235.125,10,10,0.4286172389984131,0.031928
1,hnsw_lib,100,500000,50,12,36.656105518341064,241.875,10,10,0.6449949741363525,0.063204
2,hnsw_lib,100,500000,50,12,36.82908535003662,245.25,10,10,0.614377498626709,0.063004
3,hnsw_lib,100,500000,50,12,37.02466320991516,242.4375,10,10,0.6628944873809814,0.06326
1,hnsw_lib,100,500000,50,16,51.44879937171936,257.625,10,10,0.7653007507324219,0.09769
2,hnsw_lib,100,500000,50,16,51.70537805557251,256.5,10,10,0.8197739124298096,0.096592
3,hnsw_lib,100,500000,50,16,50.54819703102112,258.75,10,10,0.8063874244689941,0.09718
1,hnsw_lib,100,500000,50,32,103.52955532073975,318.375,10,10,1.4008052349090576,0.21841
2,hnsw_lib,100,500000,50,32,102.64109992980957,317.25,10,10,1.3921973705291748,0.216272
3,hnsw_lib,100,500000,50,32,103.5287024974823,318.375,10,10,1.3621962070465088,0.216526
1,hnsw_lib,100,500000,100,8,37.914899826049805,226.6875,10,10,0.41829633712768555,0.044394
2,hnsw_lib,100,500000,100,8,37.181158781051636,229.5,10,10,0.4470944404602051,0.044508
3,hnsw_lib,100,500000,100,8,37.32001852989197,226.125,10,10,0.4443788528442383,0.045076
1,hnsw_lib,100,500000,100,12,63.36726522445679,242.4375,10,10,0.5970056056976318,0.092338
2,hnsw_lib,100,500000,100,12,57.72832894325256,242.4375,10,10,0.6337578296661377,0.091042
3,hnsw_lib,100,500000,100,12,56.99755096435547,241.875,10,10,0.6087112426757812,0.093226
1,hnsw_lib,100,500000,100,16,80.64077234268188,255.9375,10,10,0.8751132488250732,0.143168
2,hnsw_lib,100,500000,100,16,79.84280061721802,258.1875,10,10,0.836714506149292,0.144098
3,hnsw_lib,100,500000,100,16,81.96791195869446,257.625,10,10,0.8107783794403076,0.14427
1,hnsw_lib,100,500000,100,32,196.7722520828247,317.8125,10,10,1.7129127979278564,0.35523
2,hnsw_lib,100,500000,100,32,195.44727659225464,318.375,10,10,1.5839693546295166,0.354312
3,hnsw_lib,100,500000,100,32,195.7745876312256,318.375,10,10,1.6655056476593018,0.35421
1,hnsw_lib,100,500000,150,8,50.71597123146057,227.25,10,10,0.39281654357910156,0.052634
2,hnsw_lib,100,500000,150,8,51.56059646606445,226.6875,10,10,0.39301347732543945,0.053814
3,hnsw_lib,100,500000,150,8,51.033602714538574,231.1875,10,10,0.421370267868042,0.052638
1,hnsw_lib,100,500000,150,12,74.85977673530579,241.875,10,10,0.6614608764648438,0.110112
2,hnsw_lib,100,500000,150,12,75.89207482337952,242.4375,10,10,0.6327335834503174,0.110648
3,hnsw_lib,100,500000,150,12,75.65657925605774,243.0,10,10,0.6301777362823486,0.11086
1,hnsw_lib,100,500000,150,16,104.84038591384888,257.0625,10,10,0.8006260395050049,0.174694
2,hnsw_lib,100,500000,150,16,104.65279984474182,257.625,10,10,0.8453774452209473,0.175116
3,hnsw_lib,100,500000,150,16,104.61827874183655,257.625,10,10,0.7869658470153809,0.173018
1,hnsw_lib,100,500000,150,32,256.1953136920929,317.8125,10,10,1.6101412773132324,0.4216
2,hnsw_lib,100,500000,150,32,257.8852961063385,318.375,10,10,1.6543521881103516,0.42221
3,hnsw_lib,100,500000,150,32,255.62026858329773,317.8125,10,10,1.7396597862243652,0.419956
1,hnsw_lib,100,500000,300,8,92.15746998786926,226.125,10,10,0.40453076362609863,0.066644
2,hnsw_lib,100,500000,300,8,89.54670834541321,226.6875,10,10,0.4672560691833496,0.067444
3,hnsw_lib,100,500000,300,8,90.88411617279053,227.25,10,10,0.40587353706359863,0.067836
1,hnsw_lib,100,500000,300,12,130.79824209213257,241.875,10,10,0.6211998462677002,0.141324
2,hnsw_lib,100,500000,300,12,129.48567724227905,241.875,10,10,0.652024507522583,0.141082
3,hnsw_lib,100,500000,300,12,130.46977972984314,242.4375,10,10,0.6218445301055908,0.142094
1,hnsw_lib,100,500000,300,16,173.42919540405273,257.625,10,10,0.8558764457702637,0.224516
2,hnsw_lib,100,500000,300,16,171.28887462615967,257.0625,10,10,0.8578765392303467,0.226704
3,hnsw_lib,100,500000,300,16,172.81247568130493,257.625,10,10,0.8586363792419434,0.224798
1,hnsw_lib,100,500000,300,32,389.26512145996094,317.8125,10,10,1.6531293392181396,0.519394
2,hnsw_lib,100,500000,300,32,388.44723773002625,318.9375,10,10,1.6692726612091064,0.521304
3,hnsw_lib,100,500000,300,32,389.2301869392395,318.375,10,10,1.6466190814971924,0.519002
1,hnsw_lib,200,10000,50,8,0.42765069007873535,0.0,10,10,0.007582426071166992,0.3119
2,hnsw_lib,200,10000,50,8,0.42297911643981934,0.0,10,10,0.007723569869995117,0.3005
3,hnsw_lib,200,10000,50,8,0.42226600646972656,0.0,10,10,0.007476091384887695,0.3091
1,hnsw_lib,200,10000,50,12,0.6348435878753662,0.0,10,10,0.009445905685424805,0.4536
2,hnsw_lib,200,10000,50,12,0.6456160545349121,0.0,10,10,0.010964632034301758,0.4553
3,hnsw_lib,200,10000,50,12,0.6514923572540283,0.0,10,10,0.008775949478149414,0.4585
1,hnsw_lib,200,10000,50,16,0.821882963180542,0.0,10,10,0.011188745498657227,0.5658
2,hnsw_lib,200,10000,50,16,0.7819774150848389,0.0,10,10,0.010437965393066406,0.5641
3,hnsw_lib,200,10000,50,16,0.8239562511444092,0.0,10,10,0.011268138885498047,0.5595
1,hnsw_lib,200,10000,50,32,1.0026748180389404,0.0,10,10,0.015175819396972656,0.7614
2,hnsw_lib,200,10000,50,32,1.0313875675201416,0.0,10,10,0.015103578567504883,0.7634
3,hnsw_lib,200,10000,50,32,1.0054810047149658,0.0,10,10,0.014753103256225586,0.7657
1,hnsw_lib,200,10000,100,8,0.5940372943878174,0.0,10,10,0.006654024124145508,0.3518
2,hnsw_lib,200,10000,100,8,0.5971848964691162,0.0,10,10,0.006489992141723633,0.344
3,hnsw_lib,200,10000,100,8,0.5939195156097412,0.0,10,10,0.007310628890991211,0.3555
1,hnsw_lib,200,10000,100,12,0.8529822826385498,0.0,10,10,0.009784936904907227,0.5272
2,hnsw_lib,200,10000,100,12,0.8670721054077148,0.0,10,10,0.009995698928833008,0.527
3,hnsw_lib,200,10000,100,12,0.8506333827972412,0.0,10,10,0.008861303329467773,0.5227
1,hnsw_lib,200,10000,100,16,1.1880853176116943,0.0,10,10,0.011658668518066406,0.6384
2,hnsw_lib,200,10000,100,16,1.0984959602355957,0.0,10,10,0.012095212936401367,0.6461
3,hnsw_lib,200,10000,100,16,1.1494758129119873,0.0,10,10,0.011233806610107422,0.6471
1,hnsw_lib,200,10000,100,32,1.5446982383728027,0.0,10,10,0.016319751739501953,0.8661
2,hnsw_lib,200,10000,100,32,1.5231437683105469,0.0,10,10,0.01932215690612793,0.8659
3,hnsw_lib,200,10000,100,32,1.5467233657836914,0.0,10,10,0.016561508178710938,0.866
1,hnsw_lib,200,10000,150,8,0.7200195789337158,0.0,10,10,0.007493495941162109,0.3789
2,hnsw_lib,200,10000,150,8,0.7998197078704834,0.0,10,10,0.007973670959472656,0.3773
3,hnsw_lib,200,10000,150,8,0.7539455890655518,0.0,10,10,0.007893800735473633,0.3745
1,hnsw_lib,200,10000,150,12,1.0362520217895508,0.0,10,10,0.009302377700805664,0.5639
2,hnsw_lib,200,10000,150,12,1.0382914543151855,0.0,10,10,0.009252548217773438,0.5613
3,hnsw_lib,200,10000,150,12,1.074709177017212,0.0,10,10,0.009522676467895508,0.5637
1,hnsw_lib,200,10000,150,16,1.3311541080474854,0.0,10,10,0.011218547821044922,0.6829
2,hnsw_lib,200,10000,150,16,1.3371264934539795,0.0,10,10,0.011583566665649414,0.6821
3,hnsw_lib,200,10000,150,16,1.3201904296875,0.0,10,10,0.01112055778503418,0.6823
1,hnsw_lib,200,10000,150,32,1.8693580627441406,0.0,10,10,0.016493797302246094,0.8894
2,hnsw_lib,200,10000,150,32,1.8394997119903564,0.0,10,10,0.0166471004486084,0.8904
3,hnsw_lib,200,10000,150,32,1.8493812084197998,0.0,10,10,0.016476154327392578,0.8914
1,hnsw_lib,200,10000,300,8,1.1790521144866943,0.0,10,10,0.00712895393371582,0.4094
2,hnsw_lib,200,10000,300,8,1.1233208179473877,0.0,10,10,0.007359504699707031,0.4101
3,hnsw_lib,200,10000,300,8,1.1800971031188965,0.0,10,10,0.007302045822143555,0.4148
1,hnsw_lib,200,10000,300,12,1.5201387405395508,0.0,10,10,0.009479284286499023,0.5966
2,hnsw_lib,200,10000,300,12,1.5214574337005615,0.0,10,10,0.00897836685180664,0.5913
3,hnsw_lib,200,10000,300,12,1.495617389678955,0.0,10,10,0.008977413177490234,0.5896
1,hnsw_lib,200,10000,300,16,1.8259434700012207,0.0,10,10,0.011235475540161133,0.7101
2,hnsw_lib,200,10000,300,16,1.817814826965332,0.0,10,10,0.011608362197875977,0.7088
3,hnsw_lib,200,10000,300,16,1.7894625663757324,0.0,10,10,0.011290311813354492,0.7091
1,hnsw_lib,200,10000,300,32,2.4135825634002686,0.0,10,10,0.016673803329467773,0.8995
2,hnsw_lib,200,10000,300,32,2.3743467330932617,0.0,10,10,0.01652240753173828,0.8994
3,hnsw_lib,200,10000,300,32,2.362356662750244,0.0,10,10,0.016407012939453125,0.8992
1,hnsw_lib,200,50000,50,8,2.5198814868927,41.625,10,10,0.04605841636657715,0.10478
2,hnsw_lib,200,50000,50,8,2.4919233322143555,41.625,10,10,0.04604744911193848,0.10784
3,hnsw_lib,200,50000,50,8,2.3998630046844482,42.75,10,10,0.04236412048339844,0.10632
1,hnsw_lib,200,50000,50,12,4.178828954696655,43.875,10,10,0.06544065475463867,0.17878
2,hnsw_lib,200,50000,50,12,4.219068288803101,44.4375,10,10,0.07021975517272949,0.18028
3,hnsw_lib,200,50000,50,12,4.209182262420654,43.3125,10,10,0.07207584381103516,0.17982
1,hnsw_lib,200,50000,50,16,6.140066623687744,44.4375,10,10,0.09137940406799316,0.24982
2,hnsw_lib,200,50000,50,16,6.147653102874756,43.875,10,10,0.08393216133117676,0.24746
3,hnsw_lib,200,50000,50,16,5.942304611206055,44.4375,10,10,0.08412289619445801,0.24636
1,hnsw_lib,200,50000,50,32,11.422532796859741,51.1875,10,10,0.15313959121704102,0.43406
2,hnsw_lib,200,50000,50,32,11.42628002166748,50.625,10,10,0.175307035446167,0.43218
3,hnsw_lib,200,50000,50,32,11.313292980194092,51.75,10,10,0.16297650337219238,0.4352
1,hnsw_lib,200,50000,100,8,3.8088274002075195,41.625,10,10,0.047796010971069336,0.13202
2,hnsw_lib,200,50000,100,8,3.6861088275909424,41.625,10,10,0.04532885551452637,0.13506
3,hnsw_lib,200,50000,100,8,3.6274802684783936,41.625,10,10,0.045995235443115234,0.1287
1,hnsw_lib,200,50000,100,12,6.012813091278076,43.3125,10,10,0.06819510459899902,0.22978
2,hnsw_lib,200,50000,100,12,6.026095151901245,43.3125,10,10,0.06919050216674805,0.23242
3,hnsw_lib,200,50000,100,12,6.005172491073608,43.3125,10,10,0.06822848320007324,0.22936
1,hnsw_lib,200,50000,100,16,8.655344724655151,44.4375,10,10,0.0913689136505127,0.31732
2,hnsw_lib,200,50000,100,16,8.650241613388062,44.4375,10,10,0.09411931037902832,0.31622
3,hnsw_lib,200,50000,100,16,8.859519243240356,44.4375,10,10,0.0917673110961914,0.315
1,hnsw_lib,200,50000,100,32,19.993866205215454,51.1875,10,10,0.17021536827087402,0.584
2,hnsw_lib,200,50000,100,32,20.26004695892334,50.625,10,10,0.16976332664489746,0.5811
3,hnsw_lib,200,50000,100,32,20.205410718917847,50.625,10,10,0.19027304649353027,0.58036
1,hnsw_lib,200,50000,150,8,4.9302873611450195,41.0625,10,10,0.04352068901062012,0.14762
2,hnsw_lib,200,50000,150,8,4.968559741973877,41.625,10,10,0.042452335357666016,0.1487
3,hnsw_lib,200,50000,150,8,4.932391405105591,43.3125,10,10,0.04673004150390625,0.1512
1,hnsw_lib,200,50000,150,12,7.577948093414307,43.875,10,10,0.07335019111633301,0.26338
2,hnsw_lib,200,50000,150,12,7.42250919342041,43.3125,10,10,0.07018089294433594,0.25858
3,hnsw_lib,200,50000,150,12,7.325361251831055,43.875,10,10,0.07478928565979004,0.25836
1,hnsw_lib,200,50000,150,16,10.675130128860474,45.0,10,10,0.09232974052429199,0.35834
2,hnsw_lib,200,50000,150,16,10.625483274459839,44.4375,10,10,0.09567022323608398,0.35892
3,hnsw_lib,200,50000,150,16,10.611703634262085,44.4375,10,10,0.08719515800476074,0.36094
1,hnsw_lib,200,50000,150,32,25.012739658355713,51.1875,10,10,0.1812880039215088,0.6408
2,hnsw_lib,200,50000,150,32,25.14511489868164,50.625,10,10,0.1766059398651123,0.64106
3,hnsw_lib,200,50000,150,32,24.931342124938965,50.625,10,10,0.1715404987335205,0.6411
1,hnsw_lib,200,50000,300,8,7.931014776229858,41.0625,10,10,0.05138373374938965,0.17114
2,hnsw_lib,200,50000,300,8,8.248098850250244,41.0625,10,10,0.04404902458190918,0.16934
3,hnsw_lib,200,50000,300,8,8.29146409034729,41.625,10,10,0.05728888511657715,0.17436
1,hnsw_lib,200,50000,300,12,11.763071775436401,43.875,10,10,0.06576967239379883,0.29656
2,hnsw_lib,200,50000,300,12,11.413952589035034,43.3125,10,10,0.06929779052734375,0.29526
3,hnsw_lib,200,50000,300,12,11.776483058929443,43.875,10,10,0.07102012634277344,0.29548
1,hnsw_lib,200,50000,300,16,15.943628311157227,44.4375,10,10,0.09345078468322754,0.4128
2,hnsw_lib,200,50000,300,16,15.830727338790894,44.4375,10,10,0.09843564033508301,0.41348
3,hnsw_lib,200,50000,300,16,15.97790002822876,44.4375,10,10,0.09677624702453613,0.41574
1,hnsw_lib,200,50000,300,32,34.733657121658325,50.0625,10,10,0.1989762783050537,0.71504
2,hnsw_lib,200,50000,300,32,34.59840106964111,50.625,10,10,0.1989307403564453,0.71466
3,hnsw_lib,200,50000,300,32,34.68235445022583,50.625,10,10,0.17927336692810059,0.71496
1,hnsw_lib,200,100000,50,8,5.753658771514893,83.8125,10,10,0.099151611328125,0.06349
2,hnsw_lib,200,100000,50,8,5.6926727294921875,82.6875,10,10,0.10563158988952637,0.06435
3,hnsw_lib,200,100000,50,8,5.70267915725708,83.8125,10,10,0.09851264953613281,0.06453
1,hnsw_lib,200,100000,50,12,9.54087519645691,87.1875,10,10,0.16649246215820312,0.10961
2,hnsw_lib,200,100000,50,12,9.69319224357605,86.0625,10,10,0.1655902862548828,0.11003
3,hnsw_lib,200,100000,50,12,9.401140928268433,86.625,10,10,0.16796469688415527,0.10886
1,hnsw_lib,200,100000,50,16,14.16257643699646,90.0,10,10,0.25177478790283203,0.15719
2,hnsw_lib,200,100000,50,16,14.022333145141602,89.4375,10,10,0.22537708282470703,0.15636
3,hnsw_lib,200,100000,50,16,13.91002082824707,90.0,10,10,0.21476411819458008,0.15344
1,hnsw_lib,200,100000,50,32,29.095396995544434,101.25,10,10,0.4257187843322754,0.29718
2,hnsw_lib,200,100000,50,32,29.1839861869812,101.8125,10,10,0.3998713493347168,0.29983
3,hnsw_lib,200,100000,50,32,29.15457248687744,101.8125,10,10,0.38599371910095215,0.29862
1,hnsw_lib,200,100000,100,8,8.761915922164917,83.25,10,10,0.10099220275878906,0.07932
2,hnsw_lib,200,100000,100,8,8.809440851211548,83.8125,10,10,0.1088252067565918,0.08028
3,hnsw_lib,200,100000,100,8,8.736031770706177,83.8125,10,10,0.10878777503967285,0.07956
1,hnsw_lib,200,100000,100,12,14.088263750076294,86.0625,10,10,0.16732549667358398,0.14477
2,hnsw_lib,200,100000,100,12,14.175904750823975,87.1875,10,10,0.17576313018798828,0.14538
3,hnsw_lib,200,100000,100,12,14.053569078445435,86.625,10,10,0.18167662620544434,0.14403
1,hnsw_lib,200,100000,100,16,20.877090215682983,90.0,10,10,0.2207655906677246,0.20663
2,hnsw_lib,200,100000,100,16,20.73455262184143,88.875,10,10,0.22634363174438477,0.20879
3,hnsw_lib,200,100000,100,16,20.79245162010193,90.0,10,10,0.21470427513122559,0.20862
1,hnsw_lib,200,100000,100,32,53.40803122520447,101.8125,10,10,0.42270660400390625,0.42981
2,hnsw_lib,200,100000,100,32,53.426114082336426,101.8125,10,10,0.46843862533569336,0.42859
3,hnsw_lib,200,100000,100,32,53.649961948394775,102.375,10,10,0.42560720443725586,0.43365
1,hnsw_lib,200,100000,150,8,11.56744647026062,83.25,10,10,0.10259079933166504,0.09391
2,hnsw_lib,200,100000,150,8,11.47998309135437,82.6875,10,10,0.10197997093200684,0.08904
3,hnsw_lib,200,100000,150,8,11.675507545471191,83.25,10,10,0.12209415435791016,0.09119
1,hnsw_lib,200,100000,150,12,18.12143588066101,86.0625,10,10,0.16753554344177246,0.16451
2,hnsw_lib,200,100000,150,12,18.123701572418213,87.1875,10,10,0.1682593822479248,0.17063
3,hnsw_lib,200,100000,150,12,18.008300065994263,86.625,10,10,0.1930103302001953,0.16562
1,hnsw_lib,200,100000,150,16,26.41844630241394,90.5625,10,10,0.24190807342529297,0.23846
2,hnsw_lib,200,100000,150,16,25.99296736717224,90.0,10,10,0.2150735855102539,0.2402
3,hnsw_lib,200,100000,150,16,26.14581036567688,88.875,10,10,0.22355127334594727,0.23844
1,hnsw_lib,200,100000,150,32,68.49252557754517,101.8125,10,10,0.4594137668609619,0.49085
2,hnsw_lib,200,100000,150,32,69.01785182952881,102.375,10,10,0.46176838874816895,0.49363
3,hnsw_lib,200,100000,150,32,68.48485708236694,101.8125,10,10,0.4755685329437256,0.49165
1,hnsw_lib,200,100000,300,8,19.97675085067749,84.9375,10,10,0.11602616310119629,0.10623
2,hnsw_lib,200,100000,300,8,20.2370707988739,82.6875,10,10,0.11022257804870605,0.10876
3,hnsw_lib,200,100000,300,8,20.18891978263855,82.6875,10,10,0.11178803443908691,0.10849
1,hnsw_lib,200,100000,300,12,29.505805015563965,87.1875,10,10,0.19276189804077148,0.19795
2,hnsw_lib,200,100000,300,12,29.73898983001709,87.1875,10,10,0.17389917373657227,0.20074
3,hnsw_lib,200,100000,300,12,29.823452949523926,86.0625,10,10,0.17212677001953125,0.19765
1,hnsw_lib,200,100000,300,16,41.18495798110962,90.0,10,10,0.2372453212738037,0.29485
2,hnsw_lib,200,100000,300,16,40.951117277145386,88.875,10,10,0.24449467658996582,0.29392
3,hnsw_lib,200,100000,300,16,41.389892578125,88.875,10,10,0.242584228515625,0.28686
1,hnsw_lib,200,100000,300,32,98.0560314655304,101.8125,10,10,0.47092342376708984,0.57484
2,hnsw_lib,200,100000,300,32,98.42344975471497,101.25,10,10,0.4521505832672119,0.57043
3,hnsw_lib,200,100000,300,32,98.61855578422546,101.8125,10,10,0.44114089012145996,0.57475
1,hnsw_lib,200,500000,50,8,36.5127227306366,422.4375,10,10,0.6320111751556396,0.018592
2,hnsw_lib,200,500000,50,8,36.43464732170105,417.9375,10,10,0.6760878562927246,0.018134
3,hnsw_lib,200,500000,50,8,36.02260112762451,417.9375,10,10,0.6766688823699951,0.018352
1,hnsw_lib,200,500000,50,12,61.59927678108215,433.125,10,10,1.0062346458435059,0.0313
2,hnsw_lib,200,500000,50,12,61.636566400527954,433.6875,10,10,1.0738341808319092,0.03225
3,hnsw_lib,200,500000,50,12,62.2361273765564,433.125,10,10,1.0034394264221191,0.031946
1,hnsw_lib,200,500000,50,16,89.76193141937256,447.75,10,10,1.39035964012146,0.046336
2,hnsw_lib,200,500000,50,16,90.13692903518677,448.875,10,10,1.297269344329834,0.045812
3,hnsw_lib,200,500000,50,16,90.56295776367188,448.3125,10,10,1.3336234092712402,0.046674
1,hnsw_lib,200,500000,50,32,206.58887028694153,508.5,10,10,2.459587812423706,0.099902
2,hnsw_lib,200,500000,50,32,207.32090640068054,509.0625,10,10,2.5973474979400635,0.100122
3,hnsw_lib,200,500000,50,32,206.33258271217346,508.5,10,10,2.4891791343688965,0.099374
1,hnsw_lib,200,500000,100,8,60.38594937324524,417.375,10,10,0.6551742553710938,0.023946
2,hnsw_lib,200,500000,100,8,59.409891843795776,416.8125,10,10,0.6623899936676025,0.02372
3,hnsw_lib,200,500000,100,8,60.46391296386719,417.9375,10,10,0.6966209411621094,0.023342
1,hnsw_lib,200,500000,100,12,95.83244895935059,432.0,10,10,1.0553991794586182,0.043196
2,hnsw_lib,200,500000,100,12,97.09676718711853,432.0,10,10,1.0181481838226318,0.04298
3,hnsw_lib,200,500000,100,12,96.01163244247437,433.6875,10,10,1.04681396484375,0.043858
1,hnsw_lib,200,500000,100,16,141.07284331321716,447.1875,10,10,1.4006996154785156,0.065588
2,hnsw_lib,200,500000,100,16,142.5915801525116,447.75,10,10,1.4267961978912354,0.066776
3,hnsw_lib,200,500000,100,16,143.54766631126404,448.875,10,10,1.4139940738677979,0.066244
1,hnsw_lib,200,500000,100,32,392.7670567035675,509.0625,10,10,2.7339580059051514,0.165842
2,hnsw_lib,200,500000,100,32,396.9799311161041,510.1875,10,10,2.788952350616455,0.165652
3,hnsw_lib,200,500000,100,32,396.37592911720276,509.625,10,10,2.7873432636260986,0.165204
1,hnsw_lib,200,500000,150,8,81.36559629440308,417.375,10,10,0.6551036834716797,0.026264
2,hnsw_lib,200,500000,150,8,82.48660731315613,417.375,10,10,0.7264554500579834,0.02625
3,hnsw_lib,200,500000,150,8,81.85084772109985,421.3125,10,10,0.6919527053833008,0.026828
1,hnsw_lib,200,500000,150,12,128.39131498336792,433.125,10,10,1.054990291595459,0.05027
2,hnsw_lib,200,500000,150,12,127.36412477493286,433.125,10,10,1.069138526916504,0.050328
3,hnsw_lib,200,500000,150,12,127.93900489807129,433.125,10,10,1.0629541873931885,0.050414
1,hnsw_lib,200,500000,150,16,185.7537546157837,449.4375,10,10,1.4138638973236084,0.078434
2,hnsw_lib,200,500000,150,16,184.68430185317993,447.1875,10,10,1.386547327041626,0.078466
3,hnsw_lib,200,500000,150,16,184.54669833183289,448.3125,10,10,1.4030795097351074,0.07833
1,hnsw_lib,200,500000,150,32,520.7092463970184,508.5,10,10,2.8863067626953125,0.201408
2,hnsw_lib,200,500000,150,32,542.7742164134979,507.9375,10,10,2.859870195388794,0.201264
3,hnsw_lib,200,500000,150,32,514.8926479816437,508.5,10,10,2.830382823944092,0.201822
1,hnsw_lib,200,500000,300,8,147.60114359855652,417.9375,10,10,0.6893186569213867,0.03312
2,hnsw_lib,200,500000,300,8,146.21988439559937,417.375,10,10,0.7034635543823242,0.033166
3,hnsw_lib,200,500000,300,8,145.45932269096375,416.8125,10,10,0.6965446472167969,0.0314
1,hnsw_lib,200,500000,300,12,219.76954770088196,433.125,10,10,1.0695109367370605,0.063776
2,hnsw_lib,200,500000,300,12,219.8177616596222,432.5625,10,10,1.07572603225708,0.06429
3,hnsw_lib,200,500000,300,12,221.30225658416748,432.5625,10,10,1.059818983078003,0.064066
1,hnsw_lib,200,500000,300,16,305.3171238899231,448.875,10,10,1.4075229167938232,0.102558
2,hnsw_lib,200,500000,300,16,301.29171895980835,448.3125,10,10,1.3888754844665527,0.101116
3,hnsw_lib,200,500000,300,16,303.6137616634369,448.3125,10,10,1.4132354259490967,0.101056
1,hnsw_lib,200,500000,300,32,773.3066380023956,508.5,10,10,2.974581241607666,0.264836
2,hnsw_lib,200,500000,300,32,778.2372124195099,509.625,10,10,2.9350099563598633,0.26697
3,hnsw_lib,200,500000,300,32,772.315459728241,510.1875,10,10,2.9220235347747803,0.266094
1,hnsw_lib,300,10000,50,8,0.5826306343078613,0.0,10,10,0.009424448013305664,0.2587
2,hnsw_lib,300,10000,50,8,0.5918951034545898,0.0,10,10,0.009410858154296875,0.2757
3,hnsw_lib,300,10000,50,8,0.5303049087524414,0.0,10,10,0.01032876968383789,0.2637
1,hnsw_lib,300,10000,50,12,0.928147554397583,0.0,10,10,0.012939453125,0.3906
2,hnsw_lib,300,10000,50,12,0.9325845241546631,0.0,10,10,0.012509822845458984,0.3924
3,hnsw_lib,300,10000,50,12,0.9439196586608887,0.0,10,10,0.013390064239501953,0.4036
1,hnsw_lib,300,10000,50,16,1.2429406642913818,0.0,10,10,0.015346050262451172,0.4997
2,hnsw_lib,300,10000,50,16,1.2528774738311768,0.0,10,10,0.015411853790283203,0.4995
3,hnsw_lib,300,10000,50,16,1.253420114517212,0.0,10,10,0.015563726425170898,0.4997
1,hnsw_lib,300,10000,50,32,1.652177095413208,0.0,10,10,0.02289748191833496,0.7104
2,hnsw_lib,300,10000,50,32,1.649418592453003,0.0,10,10,0.022419452667236328,0.7085
3,hnsw_lib,300,10000,50,32,1.6578552722930908,0.0,10,10,0.022687911987304688,0.708
1,hnsw_lib,300,10000,100,8,0.8067464828491211,0.0,10,10,0.009635686874389648,0.3147
2,hnsw_lib,300,10000,100,8,0.8100905418395996,0.0,10,10,0.009451627731323242,0.3139
3,hnsw_lib,300,10000,100,8,0.7903547286987305,0.0,10,10,0.009630918502807617,0.3077
1,hnsw_lib,300,10000,100,12,1.2555029392242432,0.0,10,10,0.012596368789672852,0.4708
2,hnsw_lib,300,10000,100,12,1.2322380542755127,0.0,10,10,0.01276850700378418,0.4717
3,hnsw_lib,300,10000,100,12,1.2745792865753174,0.0,10,10,0.013041973114013672,0.4751
1,hnsw_lib,300,10000,100,16,1.6818654537200928,0.0,10,10,0.016007661819458008,0.5883
2,hnsw_lib,300,10000,100,16,1.6664535999298096,0.0,10,10,0.015518426895141602,0.589
3,hnsw_lib,300,10000,100,16,1.6701042652130127,0.0,10,10,0.015327692031860352,0.5934
1,hnsw_lib,300,10000,100,32,2.49872088432312,0.0,10,10,0.02538299560546875,0.8347
2,hnsw_lib,300,10000,100,32,2.473728656768799,0.0,10,10,0.02437567710876465,0.835
3,hnsw_lib,300,10000,100,32,2.534303903579712,0.0,10,10,0.024431228637695312,0.834
1,hnsw_lib,300,10000,150,8,0.9985461235046387,0.0,10,10,0.009672403335571289,0.3257
2,hnsw_lib,300,10000,150,8,0.9460263252258301,0.0,10,10,0.009016752243041992,0.342
3,hnsw_lib,300,10000,150,8,1.01871919631958,0.0,10,10,0.009203910827636719,0.3343
1,hnsw_lib,300,10000,150,12,1.4702796936035156,0.0,10,10,0.012424945831298828,0.5014
2,hnsw_lib,300,10000,150,12,1.4644949436187744,0.0,10,10,0.012680530548095703,0.5048
3,hnsw_lib,300,10000,150,12,1.481363296508789,0.0,10,10,0.012652397155761719,0.4929
1,hnsw_lib,300,10000,150,16,1.9498648643493652,0.0,10,10,0.01589655876159668,0.6192
2,hnsw_lib,300,10000,150,16,1.958387851715088,0.0,10,10,0.015338659286499023,0.6182
3,hnsw_lib,300,10000,150,16,1.9314372539520264,0.0,10,10,0.015450239181518555,0.6184
1,hnsw_lib,300,10000,150,32,2.9335238933563232,0.0,10,10,0.02437567710876465,0.8644
2,hnsw_lib,300,10000,150,32,2.9033432006835938,0.0,10,10,0.024713993072509766,0.8642
3,hnsw_lib,300,10000,150,32,2.9227676391601562,0.0,10,10,0.02458953857421875,0.8641
1,hnsw_lib,300,10000,300,8,1.490161657333374,0.0,10,10,0.010623693466186523,0.3634
2,hnsw_lib,300,10000,300,8,1.413407802581787,0.0,10,10,0.009580850601196289,0.3622
3,hnsw_lib,300,10000,300,8,1.5008492469787598,0.0,10,10,0.00945901870727539,0.3611
1,hnsw_lib,300,10000,300,12,1.9403860569000244,0.0,10,10,0.012967586517333984,0.5338
2,hnsw_lib,300,10000,300,12,2.06282639503479,0.0,10,10,0.012516975402832031,0.5368
3,hnsw_lib,300,10000,300,12,1.947624683380127,0.0,10,10,0.013509750366210938,0.5318
1,hnsw_lib,300,10000,300,16,2.442161798477173,0.0,10,10,0.015850305557250977,0.6567
2,hnsw_lib,300,10000,300,16,2.5436980724334717,0.0,10,10,0.016391515731811523,0.6568
3,hnsw_lib,300,10000,300,16,2.511967897415161,0.0,10,10,0.01600027084350586,0.654
1,hnsw_lib,300,10000,300,32,3.674800395965576,0.0,10,10,0.027781009674072266,0.8814
2,hnsw_lib,300,10000,300,32,3.5991463661193848,0.0,10,10,0.024821043014526367,0.8816
3,hnsw_lib,300,10000,300,32,3.5862646102905273,0.0,10,10,0.02485179901123047,0.8823
1,hnsw_lib,300,50000,50,8,3.6186695098876953,60.75,10,10,0.07622289657592773,0.08948
2,hnsw_lib,300,50000,50,8,3.630341053009033,60.75,10,10,0.0665431022644043,0.0938
3,hnsw_lib,300,50000,50,8,3.5957908630371094,60.1875,10,10,0.06521010398864746,0.09116
1,hnsw_lib,300,50000,50,12,6.3127686977386475,61.875,10,10,0.0986175537109375,0.14336
2,hnsw_lib,300,50000,50,12,6.379150867462158,61.875,10,10,0.10019302368164062,0.15004
3,hnsw_lib,300,50000,50,12,6.349802255630493,62.4375,10,10,0.11964058876037598,0.15076
1,hnsw_lib,300,50000,50,16,9.343939542770386,64.6875,10,10,0.13370251655578613,0.20336
2,hnsw_lib,300,50000,50,16,9.318793773651123,63.5625,10,10,0.13268733024597168,0.20388
3,hnsw_lib,300,50000,50,16,9.315289735794067,63.0,10,10,0.15907979011535645,0.20432
1,hnsw_lib,300,50000,50,32,19.43134069442749,70.3125,10,10,0.2553062438964844,0.36912
2,hnsw_lib,300,50000,50,32,19.392529249191284,70.3125,10,10,0.26173973083496094,0.36852
3,hnsw_lib,300,50000,50,32,19.445197820663452,69.75,10,10,0.2508397102355957,0.36862
1,hnsw_lib,300,50000,100,8,5.156207799911499,60.75,10,10,0.0661156177520752,0.1106
2,hnsw_lib,300,50000,100,8,5.273592710494995,59.625,10,10,0.0639638900756836,0.11322
3,hnsw_lib,300,50000,100,8,5.226525545120239,60.75,10,10,0.06789946556091309,0.11156
1,hnsw_lib,300,50000,100,12,8.828017711639404,62.4375,10,10,0.10063600540161133,0.18878
2,hnsw_lib,300,50000,100,12,8.931561946868896,62.4375,10,10,0.10132646560668945,0.18362
3,hnsw_lib,300,50000,100,12,8.866220474243164,62.4375,10,10,0.10541081428527832,0.18814
1,hnsw_lib,300,50000,100,16,13.374286413192749,64.125,10,10,0.13407111167907715,0.25708
2,hnsw_lib,300,50000,100,16,13.593798398971558,64.125,10,10,0.14373087882995605,0.26418
3,hnsw_lib,300,50000,100,16,13.340062618255615,63.5625,10,10,0.13262081146240234,0.26056
1,hnsw_lib,300,50000,100,32,34.51548385620117,69.75,10,10,0.2744777202606201,0.50196
2,hnsw_lib,300,50000,100,32,34.48962759971619,69.75,10,10,0.28428077697753906,0.49902
3,hnsw_lib,300,50000,100,32,34.462618350982666,69.1875,10,10,0.26996731758117676,0.50634
1,hnsw_lib,300,50000,150,8,6.990075349807739,61.3125,10,10,0.06615209579467773,0.12344
2,hnsw_lib,300,50000,150,8,6.955449104309082,60.75,10,10,0.06710219383239746,0.12332
3,hnsw_lib,300,50000,150,8,6.890932559967041,60.1875,10,10,0.06703805923461914,0.12242
1,hnsw_lib,300,50000,150,12,11.487192153930664,61.875,10,10,0.11077332496643066,0.21382
2,hnsw_lib,300,50000,150,12,10.994450330734253,61.875,10,10,0.1064760684967041,0.21346
3,hnsw_lib,300,50000,150,12,10.985441207885742,62.4375,10,10,0.10614323616027832,0.2088
1,hnsw_lib,300,50000,150,16,16.305739402770996,64.6875,10,10,0.14004206657409668,0.29564
2,hnsw_lib,300,50000,150,16,16.335944890975952,63.0,10,10,0.14043402671813965,0.29368
3,hnsw_lib,300,50000,150,16,16.31771945953369,64.125,10,10,0.1369948387145996,0.29612
1,hnsw_lib,300,50000,150,32,42.93968868255615,69.75,10,10,0.2804279327392578,0.556
2,hnsw_lib,300,50000,150,32,42.964845418930054,70.3125,10,10,0.28330039978027344,0.55716
3,hnsw_lib,300,50000,150,32,43.09330630302429,70.3125,10,10,0.2731904983520508,0.55722
1,hnsw_lib,300,50000,300,8,11.483774900436401,60.1875,10,10,0.06896448135375977,0.14178
2,hnsw_lib,300,50000,300,8,11.510042667388916,60.75,10,10,0.06860518455505371,0.14056
3,hnsw_lib,300,50000,300,8,11.597719669342041,60.75,10,10,0.06912779808044434,0.14074
1,hnsw_lib,300,50000,300,12,17.18008852005005,62.4375,10,10,0.10381484031677246,0.24152
2,hnsw_lib,300,50000,300,12,17.429324865341187,62.4375,10,10,0.10377120971679688,0.24328
3,hnsw_lib,300,50000,300,12,17.273953676223755,62.4375,10,10,0.10479068756103516,0.24456
1,hnsw_lib,300,50000,300,16,24.111934185028076,63.5625,10,10,0.13931608200073242,0.3436
2,hnsw_lib,300,50000,300,16,24.06365466117859,63.5625,10,10,0.15105152130126953,0.34552
3,hnsw_lib,300,50000,300,16,24.147075414657593,64.125,10,10,0.16389727592468262,0.34392
1,hnsw_lib,300,50000,300,32,58.71215224266052,69.75,10,10,0.29710984230041504,0.63606
2,hnsw_lib,300,50000,300,32,58.65410089492798,70.3125,10,10,0.2846367359161377,0.63608
3,hnsw_lib,300,50000,300,32,58.397889852523804,70.3125,10,10,0.28467345237731934,0.63606
1,hnsw_lib,300,100000,50,8,8.106314897537231,121.5,10,10,0.15723466873168945,0.05215
2,hnsw_lib,300,100000,50,8,8.107663631439209,121.5,10,10,0.15299224853515625,0.05293
3,hnsw_lib,300,100000,50,8,8.11713981628418,122.0625,10,10,0.15648818016052246,0.05077
1,hnsw_lib,300,100000,50,12,14.400441646575928,125.4375,10,10,0.2377912998199463,0.08737
2,hnsw_lib,300,100000,50,12,14.458821535110474,126.0,10,10,0.23441386222839355,0.08822
3,hnsw_lib,300,100000,50,12,14.327162981033325,124.3125,10,10,0.23871064186096191,0.08732
1,hnsw_lib,300,100000,50,16,21.393918991088867,127.6875,10,10,0.318035364151001,0.12153
2,hnsw_lib,300,100000,50,16,21.51718044281006,127.6875,10,10,0.30762767791748047,0.12246
3,hnsw_lib,300,100000,50,16,21.438031911849976,127.6875,10,10,0.3596203327178955,0.12185
1,hnsw_lib,300,100000,50,32,48.361785650253296,139.5,10,10,0.5741622447967529,0.2404
2,hnsw_lib,300,100000,50,32,48.48882842063904,140.0625,10,10,0.6016933917999268,0.24056
3,hnsw_lib,300,100000,50,32,48.22530436515808,140.0625,10,10,0.5949196815490723,0.23835
1,hnsw_lib,300,100000,100,8,13.566570520401001,121.5,10,10,0.1681537628173828,0.06446
2,hnsw_lib,300,100000,100,8,12.513962268829346,121.5,10,10,0.14722442626953125,0.06553
3,hnsw_lib,300,100000,100,8,12.363683223724365,121.5,10,10,0.15054631233215332,0.06487
1,hnsw_lib,300,100000,100,12,20.67725682258606,124.875,10,10,0.23163652420043945,0.11477
2,hnsw_lib,300,100000,100,12,20.799575567245483,124.875,10,10,0.23729276657104492,0.11348
3,hnsw_lib,300,100000,100,12,20.86165475845337,124.3125,10,10,0.2323615550994873,0.11557
1,hnsw_lib,300,100000,100,16,32.139092683792114,127.6875,10,10,0.3185575008392334,0.166
2,hnsw_lib,300,100000,100,16,31.922314167022705,128.25,10,10,0.32143425941467285,0.16315
3,hnsw_lib,300,100000,100,16,32.14207077026367,127.6875,10,10,0.32337069511413574,0.16778
1,hnsw_lib,300,100000,100,32,89.16246914863586,140.625,10,10,0.6888792514801025,0.34778
2,hnsw_lib,300,100000,100,32,89.30466437339783,140.625,10,10,0.6502699851989746,0.34538
3,hnsw_lib,300,100000,100,32,91.80696392059326,140.0625,10,10,0.6344623565673828,0.34755
1,hnsw_lib,300,100000,150,8,16.62854242324829,120.9375,10,10,0.15667128562927246,0.07492
2,hnsw_lib,300,100000,150,8,16.504590034484863,122.0625,10,10,0.15357375144958496,0.07339
3,hnsw_lib,300,100000,150,8,16.25267457962036,120.9375,10,10,0.15821480751037598,0.07546
1,hnsw_lib,300,100000,150,12,26.487221240997314,124.3125,10,10,0.24686861038208008,0.1297
2,hnsw_lib,300,100000,150,12,26.81659960746765,124.3125,10,10,0.2540912628173828,0.13122
3,hnsw_lib,300,100000,150,12,26.86568260192871,124.875,10,10,0.24479246139526367,0.13108
1,hnsw_lib,300,100000,150,16,39.89913868904114,127.125,10,10,0.3201000690460205,0.18669
2,hnsw_lib,300,100000,150,16,39.95394229888916,128.25,10,10,0.32526588439941406,0.18504
3,hnsw_lib,300,100000,150,16,40.583791971206665,128.25,10,10,0.3379790782928467,0.18834
1,hnsw_lib,300,100000,150,32,113.36664533615112,140.0625,10,10,0.6798646450042725,0.40097
2,hnsw_lib,300,100000,150,32,113.42820715904236,139.5,10,10,0.6449568271636963,0.40195
3,hnsw_lib,300,100000,150,32,113.358567237854,140.625,10,10,0.6529490947723389,0.40085
1,hnsw_lib,300,100000,300,8,28.297828674316406,122.0625,10,10,0.1546790599822998,0.0861
2,hnsw_lib,300,100000,300,8,28.147207736968994,121.5,10,10,0.1535801887512207,0.0868
3,hnsw_lib,300,100000,300,8,28.001116275787354,122.0625,10,10,0.16148066520690918,0.08756
1,hnsw_lib,300,100000,300,12,43.21667957305908,124.3125,10,10,0.23995661735534668,0.15958
2,hnsw_lib,300,100000,300,12,43.50750470161438,124.3125,10,10,0.2577393054962158,0.15342
3,hnsw_lib,300,100000,300,12,43.31031036376953,124.3125,10,10,0.24104523658752441,0.15604
1,hnsw_lib,300,100000,300,16,61.88689184188843,127.6875,10,10,0.32814645767211914,0.22951
2,hnsw_lib,300,100000,300,16,61.60828685760498,128.25,10,10,0.3602561950683594,0.22791
3,hnsw_lib,300,100000,300,16,61.59392166137695,127.6875,10,10,0.3759160041809082,0.22922
1,hnsw_lib,300,100000,300,32,159.80952787399292,140.625,10,10,0.6951172351837158,0.48227
2,hnsw_lib,300,100000,300,32,159.98832511901855,139.5,10,10,0.676990270614624,0.47982
3,hnsw_lib,300,100000,300,32,159.11364245414734,140.625,10,10,0.6501955986022949,0.48247
1,hnsw_lib,300,500000,50,8,51.53996777534485,612.0,10,10,0.974768877029419,0.014682
2,hnsw_lib,300,500000,50,8,51.05721354484558,608.625,10,10,0.9598648548126221,0.014602
3,hnsw_lib,300,500000,50,8,51.49558758735657,609.1875,10,10,1.0126991271972656,0.014532
1,hnsw_lib,300,500000,50,12,91.85998558998108,624.375,10,10,1.4813556671142578,0.024578
2,hnsw_lib,300,500000,50,12,89.13637781143188,623.25,10,10,1.4753117561340332,0.024716
3,hnsw_lib,300,500000,50,12,89.57396531105042,622.125,10,10,1.4662761688232422,0.024952
1,hnsw_lib,300,500000,50,16,134.91435074806213,640.125,10,10,2.0982742309570312,0.035132
2,hnsw_lib,300,500000,50,16,135.3499608039856,639.0,10,10,1.9211208820343018,0.034856
3,hnsw_lib,300,500000,50,16,133.93440294265747,638.4375,10,10,1.9214506149291992,0.035044
1,hnsw_lib,300,500000,50,32,328.4125235080719,698.625,10,10,3.891683578491211,0.074194
2,hnsw_lib,300,500000,50,32,328.1536269187927,700.3125,10,10,3.6932015419006348,0.073102
3,hnsw_lib,300,500000,50,32,327.18243312835693,699.75,10,10,3.86197566986084,0.074008
1,hnsw_lib,300,500000,100,8,82.5570707321167,609.1875,10,10,0.9695537090301514,0.01834
2,hnsw_lib,300,500000,100,8,84.95692825317383,608.0625,10,10,0.9531102180480957,0.018202
3,hnsw_lib,300,500000,100,8,83.46121740341187,608.625,10,10,0.9776105880737305,0.018118
1,hnsw_lib,300,500000,100,12,139.69047951698303,623.25,10,10,1.496886968612671,0.03292
2,hnsw_lib,300,500000,100,12,139.06931805610657,623.8125,10,10,1.522714376449585,0.033262
3,hnsw_lib,300,500000,100,12,138.27416157722473,622.6875,10,10,1.572234869003296,0.032594
1,hnsw_lib,300,500000,100,16,210.5063624382019,638.4375,10,10,1.9847631454467773,0.048238
2,hnsw_lib,300,500000,100,16,210.9076282978058,639.5625,10,10,1.9869909286499023,0.04867
3,hnsw_lib,300,500000,100,16,211.00528597831726,638.4375,10,10,2.0437586307525635,0.048414
1,hnsw_lib,300,500000,100,32,622.2457163333893,700.875,10,10,3.953948974609375,0.118286
2,hnsw_lib,300,500000,100,32,621.1690692901611,700.875,10,10,4.2008326053619385,0.119806
3,hnsw_lib,300,500000,100,32,620.4124596118927,700.3125,10,10,4.11598014831543,0.11914
1,hnsw_lib,300,500000,150,8,114.03156042098999,608.0625,10,10,1.00626540184021,0.021192
2,hnsw_lib,300,500000,150,8,113.6335699558258,608.625,10,10,0.9873521327972412,0.021234
3,hnsw_lib,300,500000,150,8,113.60132384300232,608.0625,10,10,1.0073134899139404,0.021564
1,hnsw_lib,300,500000,150,12,182.8842704296112,623.25,10,10,1.5377304553985596,0.037468
2,hnsw_lib,300,500000,150,12,183.07672333717346,623.8125,10,10,1.4911301136016846,0.038404
3,hnsw_lib,300,500000,150,12,183.95232033729553,623.25,10,10,1.5502018928527832,0.037504
1,hnsw_lib,300,500000,150,16,272.6380124092102,639.0,10,10,2.0963680744171143,0.057926
2,hnsw_lib,300,500000,150,16,272.6695942878723,638.4375,10,10,2.0293428897857666,0.057342
3,hnsw_lib,300,500000,150,16,269.6640694141388,638.4375,10,10,2.1993870735168457,0.05742
1,hnsw_lib,300,500000,150,32,812.1207056045532,699.1875,10,10,4.430183410644531,0.145698
2,hnsw_lib,300,500000,150,32,810.9668927192688,700.3125,10,10,4.158533811569214,0.14516
3,hnsw_lib,300,500000,150,32,809.9760282039642,700.3125,10,10,4.187983751296997,0.146248
1,hnsw_lib,300,500000,300,8,202.50410437583923,608.625,10,10,0.9997148513793945,0.024816
2,hnsw_lib,300,500000,300,8,200.74272465705872,608.625,10,10,1.0053298473358154,0.025558
3,hnsw_lib,300,500000,300,8,200.14213633537292,607.5,10,10,1.028062343597412,0.025714
1,hnsw_lib,300,500000,300,12,307.8275067806244,624.375,10,10,1.5791568756103516,0.049096
2,hnsw_lib,300,500000,300,12,311.59855818748474,624.375,10,10,1.5590400695800781,0.047996
3,hnsw_lib,300,500000,300,12,310.91217017173767,624.375,10,10,1.5290935039520264,0.047532
1,hnsw_lib,300,500000,300,16,435.18510580062866,637.875,10,10,2.0877671241760254,0.074142
2,hnsw_lib,300,500000,300,16,437.0362892150879,639.0,10,10,2.1483850479125977,0.072498
3,hnsw_lib,300,500000,300,16,437.21957755088806,639.5625,10,10,2.0877959728240967,0.073892
1,hnsw_lib,300,500000,300,32,1186.3621757030487,700.3125,10,10,4.4876792430877686,0.19256
2,hnsw_lib,300,500000,300,32,1188.0039556026459,699.75,10,10,4.064374208450317,0.192998
3,hnsw_lib,300,500000,300,32,1197.806139945984,699.1875,10,10,4.24800181388855,0.195202
1,hnsw_lib,500,10000,50,8,0.8776450157165527,0.0,10,10,0.014949798583984375,0.2385
2,hnsw_lib,500,10000,50,8,0.848613977432251,0.0,10,10,0.014549016952514648,0.2444
3,hnsw_lib,500,10000,50,8,0.8529822826385498,0.0,10,10,0.015289306640625,0.2442
1,hnsw_lib,500,10000,50,12,1.489912748336792,0.0,10,10,0.02061295509338379,0.3722
2,hnsw_lib,500,10000,50,12,1.4877827167510986,0.0,10,10,0.0205686092376709,0.3743
3,hnsw_lib,500,10000,50,12,1.49058198928833,0.0,10,10,0.020517587661743164,0.3812
1,hnsw_lib,500,10000,50,16,2.0950562953948975,0.0,10,10,0.026629924774169922,0.4743
2,hnsw_lib,500,10000,50,16,2.071500539779663,0.0,10,10,0.02564549446105957,0.4695
3,hnsw_lib,500,10000,50,16,2.1162428855895996,0.0,10,10,0.025599002838134766,0.4654
1,hnsw_lib,500,10000,50,32,3.045384407043457,0.0,10,10,0.04410958290100098,0.6657
2,hnsw_lib,500,10000,50,32,3.0375027656555176,0.0,10,10,0.040771484375,0.6718
3,hnsw_lib,500,10000,50,32,3.0532662868499756,0.0,10,10,0.04037213325500488,0.6735
1,hnsw_lib,500,10000,100,8,1.1890101432800293,0.0,10,10,0.014973878860473633,0.2866
2,hnsw_lib,500,10000,100,8,1.199610710144043,0.0,10,10,0.015381336212158203,0.2913
3,hnsw_lib,500,10000,100,8,1.1917479038238525,0.0,10,10,0.014913320541381836,0.2876
1,hnsw_lib,500,10000,100,12,1.9505908489227295,0.0,10,10,0.020635366439819336,0.4399
2,hnsw_lib,500,10000,100,12,1.9406754970550537,0.0,10,10,0.023133039474487305,0.4327
3,hnsw_lib,500,10000,100,12,1.9017462730407715,0.0,10,10,0.020921707153320312,0.4386
1,hnsw_lib,500,10000,100,16,2.7870938777923584,0.0,10,10,0.026718616485595703,0.5355
2,hnsw_lib,500,10000,100,16,2.7502496242523193,0.0,10,10,0.027655839920043945,0.5447
3,hnsw_lib,500,10000,100,16,2.811749219894409,0.0,10,10,0.02898383140563965,0.5401
1,hnsw_lib,500,10000,100,32,4.737148284912109,0.0,10,10,0.04456281661987305,0.7934
2,hnsw_lib,500,10000,100,32,4.7672717571258545,0.0,10,10,0.043296098709106445,0.7954
3,hnsw_lib,500,10000,100,32,4.731809854507446,0.0,10,10,0.0433804988861084,0.7958
1,hnsw_lib,500,10000,150,8,1.4571146965026855,0.0,10,10,0.015419483184814453,0.3121
2,hnsw_lib,500,10000,150,8,1.444197654724121,0.0,10,10,0.015081167221069336,0.3105
3,hnsw_lib,500,10000,150,8,1.464573860168457,0.0,10,10,0.015218973159790039,0.3124
1,hnsw_lib,500,10000,150,12,2.262366771697998,0.0,10,10,0.020796775817871094,0.4647
2,hnsw_lib,500,10000,150,12,2.2707183361053467,0.0,10,10,0.02161884307861328,0.4612
3,hnsw_lib,500,10000,150,12,2.2488179206848145,0.0,10,10,0.02088785171508789,0.4652
1,hnsw_lib,500,10000,150,16,3.221482753753662,0.0,10,10,0.02584242820739746,0.5772
2,hnsw_lib,500,10000,150,16,3.2329139709472656,0.0,10,10,0.026397228240966797,0.5748
3,hnsw_lib,500,10000,150,16,3.2209513187408447,0.0,10,10,0.026417016983032227,0.5689
1,hnsw_lib,500,10000,150,32,5.494793891906738,0.0,10,10,0.04454612731933594,0.8229
2,hnsw_lib,500,10000,150,32,5.552276611328125,0.0,10,10,0.044147491455078125,0.8241
3,hnsw_lib,500,10000,150,32,5.523820877075195,0.0,10,10,0.048522233963012695,0.8229
1,hnsw_lib,500,10000,300,8,2.133955478668213,0.0,10,10,0.015227556228637695,0.3258
2,hnsw_lib,500,10000,300,8,2.1243045330047607,0.0,10,10,0.014754295349121094,0.3283
3,hnsw_lib,500,10000,300,8,2.099447727203369,0.0,10,10,0.017315387725830078,0.3292
1,hnsw_lib,500,10000,300,12,2.9455010890960693,0.0,10,10,0.02153611183166504,0.5001
2,hnsw_lib,500,10000,300,12,3.0407073497772217,0.0,10,10,0.021367311477661133,0.4928
3,hnsw_lib,500,10000,300,12,3.0440616607666016,0.0,10,10,0.020785808563232422,0.5001
1,hnsw_lib,500,10000,300,16,4.039743423461914,0.0,10,10,0.026905298233032227,0.622
2,hnsw_lib,500,10000,300,16,4.015755891799927,0.0,10,10,0.0263674259185791,0.6225
3,hnsw_lib,500,10000,300,16,4.025017738342285,0.0,10,10,0.026989459991455078,0.6236
1,hnsw_lib,500,10000,300,32,6.5843400955200195,0.0,10,10,0.04507732391357422,0.8472
2,hnsw_lib,500,10000,300,32,6.610369920730591,0.0,10,10,0.045386552810668945,0.8469
3,hnsw_lib,500,10000,300,32,6.570265531539917,0.0,10,10,0.04718732833862305,0.847
1,hnsw_lib,500,50000,50,8,5.634146213531494,99.5625,10,10,0.10087919235229492,0.07386
2,hnsw_lib,500,50000,50,8,5.67510724067688,99.5625,10,10,0.11084342002868652,0.07402
3,hnsw_lib,500,50000,50,8,5.538679122924805,99.0,10,10,0.10274362564086914,0.07486
1,hnsw_lib,500,50000,50,12,10.031141996383667,100.6875,10,10,0.1569995880126953,0.12284
2,hnsw_lib,500,50000,50,12,9.996495008468628,101.25,10,10,0.15418553352355957,0.12092
3,hnsw_lib,500,50000,50,12,9.970781326293945,100.125,10,10,0.15509700775146484,0.1199
1,hnsw_lib,500,50000,50,16,15.48200511932373,101.8125,10,10,0.20400571823120117,0.16514
2,hnsw_lib,500,50000,50,16,15.442869186401367,102.375,10,10,0.21577787399291992,0.16868
3,hnsw_lib,500,50000,50,16,15.387858152389526,101.8125,10,10,0.20891094207763672,0.16872
1,hnsw_lib,500,50000,50,32,34.45052170753479,108.0,10,10,0.40130162239074707,0.30646
2,hnsw_lib,500,50000,50,32,34.43285894393921,108.0,10,10,0.3812131881713867,0.3017
3,hnsw_lib,500,50000,50,32,34.52075743675232,108.0,10,10,0.38806867599487305,0.30752
1,hnsw_lib,500,50000,100,8,8.195877313613892,99.5625,10,10,0.10660457611083984,0.09296
2,hnsw_lib,500,50000,100,8,8.152517557144165,99.0,10,10,0.10873126983642578,0.0899
3,hnsw_lib,500,50000,100,8,8.108414888381958,98.4375,10,10,0.10986208915710449,0.08932
1,hnsw_lib,500,50000,100,12,14.248522758483887,100.6875,10,10,0.16133522987365723,0.15462
2,hnsw_lib,500,50000,100,12,14.105957269668579,100.125,10,10,0.15728259086608887,0.15576
3,hnsw_lib,500,50000,100,12,14.11378526687622,99.5625,10,10,0.15486693382263184,0.15502
1,hnsw_lib,500,50000,100,16,22.413762092590332,101.25,10,10,0.20906424522399902,0.21156
2,hnsw_lib,500,50000,100,16,22.115252256393433,102.9375,10,10,0.21498608589172363,0.2112
3,hnsw_lib,500,50000,100,16,22.249399423599243,101.8125,10,10,0.2189786434173584,0.2146
1,hnsw_lib,500,50000,100,32,61.965678453445435,108.0,10,10,0.4638955593109131,0.42378
2,hnsw_lib,500,50000,100,32,62.141828298568726,108.5625,10,10,0.4246180057525635,0.42096
3,hnsw_lib,500,50000,100,32,62.10841250419617,108.0,10,10,0.4330151081085205,0.42848
1,hnsw_lib,500,50000,150,8,10.517294883728027,98.4375,10,10,0.10639381408691406,0.10096
2,hnsw_lib,500,50000,150,8,10.514655113220215,99.5625,10,10,0.10584020614624023,0.10236
3,hnsw_lib,500,50000,150,8,10.636781692504883,98.4375,10,10,0.10061311721801758,0.1054
1,hnsw_lib,500,50000,150,12,17.651925086975098,101.25,10,10,0.16459155082702637,0.17694
2,hnsw_lib,500,50000,150,12,17.81759262084961,100.6875,10,10,0.15794944763183594,0.17518
3,hnsw_lib,500,50000,150,12,17.717130184173584,99.5625,10,10,0.15995001792907715,0.17544
1,hnsw_lib,500,50000,150,16,27.006991386413574,101.8125,10,10,0.21320509910583496,0.24112
2,hnsw_lib,500,50000,150,16,27.245555639266968,102.375,10,10,0.22035861015319824,0.24214
3,hnsw_lib,500,50000,150,16,27.06541347503662,101.8125,10,10,0.2109839916229248,0.24106
1,hnsw_lib,500,50000,150,32,77.27701234817505,108.0,10,10,0.4382147789001465,0.48282
2,hnsw_lib,500,50000,150,32,77.34172773361206,108.5625,10,10,0.45707225799560547,0.48104
3,hnsw_lib,500,50000,150,32,77.29342532157898,107.4375,10,10,0.43211936950683594,0.47938
1,hnsw_lib,500,50000,300,8,17.263731956481934,98.4375,10,10,0.1070549488067627,0.11466
2,hnsw_lib,500,50000,300,8,17.428442001342773,98.4375,10,10,0.11157441139221191,0.11616
3,hnsw_lib,500,50000,300,8,17.29619550704956,99.5625,10,10,0.10665750503540039,0.1159
1,hnsw_lib,500,50000,300,12,27.441322326660156,100.6875,10,10,0.15904688835144043,0.19898
2,hnsw_lib,500,50000,300,12,27.416547060012817,100.6875,10,10,0.1592550277709961,0.19976
3,hnsw_lib,500,50000,300,12,27.317605018615723,100.6875,10,10,0.1625385284423828,0.19814
1,hnsw_lib,500,50000,300,16,39.18009352684021,102.9375,10,10,0.22408246994018555,0.27862
2,hnsw_lib,500,50000,300,16,39.53278040885925,101.8125,10,10,0.2185192108154297,0.27896
3,hnsw_lib,500,50000,300,16,39.53179335594177,102.375,10,10,0.23131060600280762,0.27848
1,hnsw_lib,500,50000,300,32,102.65135622024536,108.5625,10,10,0.46477317810058594,0.5596
2,hnsw_lib,500,50000,300,32,103.01104497909546,108.0,10,10,0.46062541007995605,0.55948
3,hnsw_lib,500,50000,300,32,102.19345760345459,108.0,10,10,0.4600372314453125,0.55926
1,hnsw_lib,500,100000,50,8,12.37986445426941,198.0,10,10,0.2406597137451172,0.04187
2,hnsw_lib,500,100000,50,8,12.58702564239502,198.0,10,10,0.2366321086883545,0.04309
3,hnsw_lib,500,100000,50,8,12.410046339035034,198.5625,10,10,0.23664212226867676,0.0437
1,hnsw_lib,500,100000,50,12,22.50720238685608,200.8125,10,10,0.3394453525543213,0.07031
2,hnsw_lib,500,100000,50,12,22.48748540878296,201.375,10,10,0.34798455238342285,0.07192
3,hnsw_lib,500,100000,50,12,22.384759426116943,201.375,10,10,0.36357545852661133,0.07386
1,hnsw_lib,500,100000,50,16,35.223291873931885,204.1875,10,10,0.4946110248565674,0.10069
2,hnsw_lib,500,100000,50,16,35.27885031700134,204.1875,10,10,0.46082115173339844,0.09984
3,hnsw_lib,500,100000,50,16,35.113107442855835,203.625,10,10,0.4706997871398926,0.09723
1,hnsw_lib,500,100000,50,32,84.11931562423706,216.0,10,10,0.8677477836608887,0.18777
2,hnsw_lib,500,100000,50,32,83.93388986587524,216.0,10,10,0.8753998279571533,0.19039
3,hnsw_lib,500,100000,50,32,83.85496234893799,216.0,10,10,0.8837242126464844,0.18938
1,hnsw_lib,500,100000,100,8,18.645268201828003,197.4375,10,10,0.23276472091674805,0.05183
2,hnsw_lib,500,100000,100,8,18.805402755737305,198.0,10,10,0.23563146591186523,0.05392
3,hnsw_lib,500,100000,100,8,18.718616485595703,198.0,10,10,0.23430824279785156,0.05516
1,hnsw_lib,500,100000,100,12,32.9227089881897,201.375,10,10,0.3645150661468506,0.09161
2,hnsw_lib,500,100000,100,12,33.14769434928894,200.8125,10,10,0.35032200813293457,0.09126
3,hnsw_lib,500,100000,100,12,32.890198707580566,200.25,10,10,0.36795496940612793,0.09066
1,hnsw_lib,500,100000,100,16,51.93770623207092,204.1875,10,10,0.5318071842193604,0.13173
2,hnsw_lib,500,100000,100,16,51.92896795272827,203.625,10,10,0.512702465057373,0.13271
3,hnsw_lib,500,100000,100,16,51.74755358695984,204.1875,10,10,0.5223536491394043,0.13268
1,hnsw_lib,500,100000,100,32,155.21682047843933,216.0,10,10,0.9755589962005615,0.28226
2,hnsw_lib,500,100000,100,32,155.31455421447754,216.5625,10,10,0.9388072490692139,0.2795
3,hnsw_lib,500,100000,100,32,155.03956747055054,216.0,10,10,0.9635779857635498,0.28364
1,hnsw_lib,500,100000,150,8,24.828819751739502,197.4375,10,10,0.24317359924316406,0.06051
2,hnsw_lib,500,100000,150,8,24.75391149520874,198.0,10,10,0.2352280616760254,0.06238
3,hnsw_lib,500,100000,150,8,24.88520622253418,197.4375,10,10,0.2354888916015625,0.06073
1,hnsw_lib,500,100000,150,12,42.06912064552307,201.375,10,10,0.380692720413208,0.10357
2,hnsw_lib,500,100000,150,12,42.20270490646362,200.8125,10,10,0.3515617847442627,0.10271
3,hnsw_lib,500,100000,150,12,41.984134674072266,201.9375,10,10,0.3868985176086426,0.10075
1,hnsw_lib,500,100000,150,16,63.986790895462036,204.1875,10,10,0.503943681716919,0.14873
2,hnsw_lib,500,100000,150,16,64.57880592346191,203.625,10,10,0.4964630603790283,0.15072
3,hnsw_lib,500,100000,150,16,64.6539089679718,204.75,10,10,0.4818854331970215,0.1481
1,hnsw_lib,500,100000,150,32,195.3690688610077,216.0,10,10,1.0318832397460938,0.32576
2,hnsw_lib,500,100000,150,32,195.620689868927,216.5625,10,10,1.0393977165222168,0.32338
3,hnsw_lib,500,100000,150,32,196.18504571914673,216.0,10,10,0.9712376594543457,0.32604
1,hnsw_lib,500,100000,300,8,42.94392991065979,198.5625,10,10,0.23685240745544434,0.06817
2,hnsw_lib,500,100000,300,8,42.65865707397461,198.0,10,10,0.23235392570495605,0.06997
3,hnsw_lib,500,100000,300,8,41.93345260620117,197.4375,10,10,0.23244619369506836,0.06517
1,hnsw_lib,500,100000,300,12,67.45410203933716,200.8125,10,10,0.3978743553161621,0.12556
2,hnsw_lib,500,100000,300,12,67.15482687950134,201.375,10,10,0.36405158042907715,0.12539
3,hnsw_lib,500,100000,300,12,66.85145092010498,200.8125,10,10,0.37963247299194336,0.12532
1,hnsw_lib,500,100000,300,16,96.95869827270508,203.625,10,10,0.5065505504608154,0.18425
2,hnsw_lib,500,100000,300,16,97.73422622680664,204.75,10,10,0.5030517578125,0.18442
3,hnsw_lib,500,100000,300,16,96.41548013687134,204.1875,10,10,0.5095593929290771,0.18368
1,hnsw_lib,500,100000,300,32,268.3645236492157,216.0,10,10,0.961181640625,0.39905
2,hnsw_lib,500,100000,300,32,267.4063358306885,216.0,10,10,1.0034303665161133,0.3965
3,hnsw_lib,500,100000,300,32,266.6545352935791,216.5625,10,10,0.9902937412261963,0.39612
1,hnsw_lib,500,500000,50,8,77.13225245475769,994.5,10,10,1.4255211353302002,0.01241
2,hnsw_lib,500,500000,50,8,77.34452819824219,989.4375,10,10,1.3988556861877441,0.012152
3,hnsw_lib,500,500000,50,8,79.98884773254395,990.0,10,10,1.354400634765625,0.011976
1,hnsw_lib,500,500000,50,12,139.0417971611023,1006.3125,10,10,2.273402214050293,0.019748
2,hnsw_lib,500,500000,50,12,138.689936876297,1005.1875,10,10,2.18221116065979,0.019996
3,hnsw_lib,500,500000,50,12,138.1347553730011,1004.625,10,10,2.147097587585449,0.019594
1,hnsw_lib,500,500000,50,16,213.8568720817566,1020.375,10,10,2.931849718093872,0.02742
2,hnsw_lib,500,500000,50,16,212.12499833106995,1020.375,10,10,2.9713640213012695,0.026806
3,hnsw_lib,500,500000,50,16,214.92527413368225,1019.8125,10,10,2.952017307281494,0.027288
1,hnsw_lib,500,500000,50,32,552.1744070053101,1081.125,10,10,5.323868989944458,0.054836
2,hnsw_lib,500,500000,50,32,549.6417121887207,1081.6875,10,10,5.482040166854858,0.05484
3,hnsw_lib,500,500000,50,32,548.7952084541321,1080.0,10,10,5.6201019287109375,0.054836
1,hnsw_lib,500,500000,100,8,121.3579409122467,991.125,10,10,1.4251971244812012,0.01501
2,hnsw_lib,500,500000,100,8,121.09962940216064,990.0,10,10,1.4729485511779785,0.015004
3,hnsw_lib,500,500000,100,8,120.86286425590515,990.0,10,10,1.4320611953735352,0.015118
1,hnsw_lib,500,500000,100,12,210.93560409545898,1005.1875,10,10,2.2215847969055176,0.025238
2,hnsw_lib,500,500000,100,12,212.11979222297668,1005.1875,10,10,2.3180134296417236,0.025666
3,hnsw_lib,500,500000,100,12,212.8243052959442,1004.625,10,10,2.1452200412750244,0.02593
1,hnsw_lib,500,500000,100,16,327.6664574146271,1020.9375,10,10,2.914964199066162,0.03706
2,hnsw_lib,500,500000,100,16,329.4527840614319,1020.375,10,10,2.9649581909179688,0.037418
3,hnsw_lib,500,500000,100,16,330.45001220703125,1020.9375,10,10,2.9963364601135254,0.036596
1,hnsw_lib,500,500000,100,32,1030.3402302265167,1081.6875,10,10,6.011099815368652,0.086432
2,hnsw_lib,500,500000,100,32,1028.4959034919739,1081.6875,10,10,5.962367534637451,0.087048
3,hnsw_lib,500,500000,100,32,1028.5341970920563,1081.6875,10,10,5.996627330780029,0.08714
1,hnsw_lib,500,500000,150,8,166.87005233764648,989.4375,10,10,1.5911931991577148,0.017354
2,hnsw_lib,500,500000,150,8,164.69971656799316,990.0,10,10,1.4566590785980225,0.016962
3,hnsw_lib,500,500000,150,8,164.7859079837799,989.4375,10,10,1.4616575241088867,0.017016
1,hnsw_lib,500,500000,150,12,277.9727883338928,1004.625,10,10,2.20216965675354,0.028908
2,hnsw_lib,500,500000,150,12,279.84003138542175,1004.625,10,10,2.2661399841308594,0.02927
3,hnsw_lib,500,500000,150,12,278.77120304107666,1005.1875,10,10,2.1704676151275635,0.02907
1,hnsw_lib,500,500000,150,16,420.5514495372772,1019.8125,10,10,3.001581907272339,0.043168
2,hnsw_lib,500,500000,150,16,420.30633521080017,1019.8125,10,10,3.058250665664673,0.042674
3,hnsw_lib,500,500000,150,16,419.0650899410248,1022.0625,10,10,3.027740955352783,0.043476
1,hnsw_lib,500,500000,150,32,1321.846615076065,1081.125,10,10,6.304312467575073,0.104572
2,hnsw_lib,500,500000,150,32,1324.034744501114,1081.6875,10,10,6.131728172302246,0.106168
3,hnsw_lib,500,500000,150,32,1325.9917480945587,1081.6875,10,10,6.135751485824585,0.105958
1,hnsw_lib,500,500000,300,8,289.2827033996582,989.4375,10,10,1.4518678188323975,0.02002
2,hnsw_lib,500,500000,300,8,292.2005310058594,988.3125,10,10,1.4437484741210938,0.019524
3,hnsw_lib,500,500000,300,8,290.4379644393921,991.125,10,10,1.5095469951629639,0.01975
1,hnsw_lib,500,500000,300,12,458.53539085388184,1005.1875,10,10,2.2273483276367188,0.03644
2,hnsw_lib,500,500000,300,12,460.54654479026794,1005.75,10,10,2.262141227722168,0.036632
3,hnsw_lib,500,500000,300,12,459.93425989151,1005.75,10,10,2.230921983718872,0.035386
1,hnsw_lib,500,500000,300,16,661.4312982559204,1020.375,10,10,3.163729667663574,0.053756
2,hnsw_lib,500,500000,300,16,661.5787076950073,1019.8125,10,10,3.0177462100982666,0.05483
3,hnsw_lib,500,500000,300,16,660.2304105758667,1020.375,10,10,3.0414798259735107,0.054974
1,hnsw_lib,500,500000,300,32,1893.8605048656464,1081.6875,10,10,6.233598470687866,0.138468
2,hnsw_lib,500,500000,300,32,1886.9788737297058,1080.5625,10,10,6.088760614395142,0.139164
3,hnsw_lib,500,500000,300,32,1897.5970258712769,1080.5625,10,10,6.4707653522491455,0.13871
